Rosanna,Forray,Calles,1
Ricardo,Giesen,Calles,2
Ricardo,Hurtubia,Calles,3
Rodrigo,Mora,Calles,4
Juan Carlos,Muñoz,Calles,5
Sebastián,Raveau,Calles,6
Lake,Sagaris,Calles,7
Stefan,Steiniger,Calles,8
Giovanni,Vecchio,Calles,9
Carolina,Rojas,Territorios,10
Juan Antonio,Carrasco,Accesibilidades,11
Hugo,Silva,Accesibilidades,12
Patricia,Galilea,,13
Juan de Dios,Ortúzar,,14
Jaime,Allen,,15
Jordi,Rosell,,16
Luca,Tricarico,,17
Iván,Múñiz,,18
Omar,Ibarra-Rojas,,19
Elizabeth,Peña,,20
Jaime,Soza-Parra,,21
Arturo,Didier,,22
Constanza,Silva,,23
Felipe,González-Valdés,,24
Francisco Javier,Martínez,,25
Michael,Bierlaiere,,26
Tomás,Rossetti,,27
Verónica,Saud,,28
Ignacio,Oliva,,29
Ignacio,Guimpert,,30
Isidora,Navarro,,31
Rocío,Hidalgo,,32
Angelo,Guevara,,33
Ignacio,Tiznado-Aitken,,34
Juan,Munizaga,,35
Alejandro,Schmidt,,36
Jaime,Moya,,37
D,Cruz,,38
Chiara,Calastri,,39
Alejandro,Tudela,,40
Pedro ,Lizana,,41
Paul,Basnak,,42
Carlos,Bueno,,43
Luis Ángel,Cantillo,,44
Yerly,Martínez,,45
Hans,Löbel,,46
Thomas,Guerrero,,47
Víctor,Rocco,,48
Leonardo,Basso,,49
Francisco,De la Barrera,,50
Felipe,Delgado,,51
Paula,Iglesias,,52
Sebastián,Tamblay,,53
Homero,Larraín,,54
Pablo,Guarda,,55
M,Navarro,,56
Carlos,Brunner,,57
Mathias,Klapp,,58
Javier,Soto,,59
F,Vergara,,60
M,Gutiérrez,,61
Clemente,Mundi,,62
Jorge,Fuenzalida-Izquierdo,,63
R,Bustamante,,64
R,Victoriano,,65
Nicolás,Badiola,,66
P,Bansal,,67
A,Tirachini,,68
R,Daziano,,69
Tomás,Cox,,70
N,Harvey,,71
Alejandro,MacCawley,,72
A,Vega,,73
Luz Ángela,Flores,,74
F,Feres,,75
S,Maturana,,76
Javier,Ruiz-Tagle,,77
C,Tello,,78
S,Pacheco,,79
Carolina,Zurob,,80
J,Parra,,81
P,Salinas,,82
G,De la Maza,,83
M,Corvera,,84
